{"cameraMode":{"drawMode":0,"name":"Shaded","section":"Shading Mode"},"sceneLighting":true,"audioPlay":false,"sceneViewState":{"showFog":true,"showMaterialUpdate":true,"showSkybox":true,"showFlares":true,"showImageEffects":true,"showParticleSystems":true},"in2DMode":false,"pivot":{"x":-0.00000908261336007854,"y":13.09013557434082,"z":-14.142136573791504},"rotation":{"x":-0.05708949640393257,"y":0.9405934810638428,"z":-0.26824238896369936,"w":-0.2001848965883255},"size":29.841711044311525,"orthographic":false}